{
    "rmse": 0.47931260710680484,
    "mae": 0.3724603796768935,
    "r2": 0.7686261478599968
}