{
    "rmse": 0.4788662728313506,
    "mae": 0.3720172160470963,
    "r2": 0.7690568563235295
}